{"date":"2023-12-18","explanation":"Are squares A and B the same color? They are! To verify this, either run your cursor over the image or click here to see them connected.  The featured illusion, an example of the same color illusion, illustrates that purely human perceptions in science may be ambiguous or inaccurate, even such a seemingly direct perception as relative color.  Similar illusions exist on the sky, such as the size of the Moon near the horizon, or the apparent shapes of astronomical objects.  The advent of automated, reproducible measuring devices such as CCDs have made science in general and astronomy in particular less prone to, but not free of, human-biased illusions.    APOD Year in Review (2023): RJN's Night Sky Network Lecture","hdurl":"https://apod.nasa.gov/apod/image/2312/greyilliusion_wikipedia_960.jpg","media_type":"image","service_version":"v1","title":"The Same Color Illusion","url":"https://apod.nasa.gov/apod/image/2312/greyillusion_wikipedia_960.jpg"}
